{
    "samples": 9348596,
    "AUC": 0.6717677427016326,
    "AP": 0.10285627394009136,
    "precision": 0.07820151191279574,
    "recall": 0.4976873094245116,
    "F1": 0.13516463113984356,
    "5": {
        "precision": 0.2,
        "recall": 2.644586135492726e-06,
        "ap": 0.3333333333333333,
        "ndcg": 0.16666666666666663
    },
    "10": {
        "precision": 0.1,
        "recall": 2.644586135492726e-06,
        "ap": 0.3333333333333333,
        "ndcg": 0.12122164071842031
    },
    "20": {
        "precision": 0.25,
        "recall": 1.322293067746363e-05,
        "ap": 0.24321266968325794,
        "ndcg": 0.22032514078254054
    },
    "50": {
        "precision": 0.24,
        "recall": 3.173503362591271e-05,
        "ap": 0.29456073028841795,
        "ndcg": 0.23388217956625323
    },
    "100": {
        "precision": 0.29,
        "recall": 7.669299792928905e-05,
        "ap": 0.28676933638109386,
        "ndcg": 0.2752442711371516
    }
}