{
    "samples": 1167360,
    "AUC": 0.7992341984113657,
    "AP": 0.18891338870105337,
    "precision": 0.8156028368794326,
    "recall": 0.0048699923774032355,
    "F1": 0.0096821721742791,
    "5": {
        "precision": 1.0,
        "recall": 0.00010586939950876598,
        "ap": 1.0,
        "ndcg": 0.9999999999999999
    },
    "10": {
        "precision": 1.0,
        "recall": 0.00021173879901753196,
        "ap": 1.0,
        "ndcg": 1.0
    },
    "20": {
        "precision": 1.0,
        "recall": 0.0004234775980350639,
        "ap": 1.0,
        "ndcg": 0.9999999999999999
    },
    "50": {
        "precision": 0.96,
        "recall": 0.0010163462352841535,
        "ap": 0.9983163265306123,
        "ndcg": 0.9723086348926009
    },
    "100": {
        "precision": 0.9,
        "recall": 0.0019056491911577877,
        "ap": 0.9640795617469513,
        "ndcg": 0.9216291122292521
    }
}