{
    "samples": 91133808,
    "AUC": 0.7178528768583726,
    "AP": 0.11945453801232307,
    "precision": 0.3856071964017991,
    "recall": 0.0013957597556660682,
    "F1": 0.002781451653893113,
    "5": {
        "precision": 0.0,
        "recall": 0.0,
        "ap": 0.0,
        "ndcg": 0.0
    },
    "10": {
        "precision": 0.0,
        "recall": 0.0,
        "ap": 0.0,
        "ndcg": 0.0
    },
    "20": {
        "precision": 0.2,
        "recall": 1.085349732244221e-06,
        "ap": 0.1319573443412453,
        "ndcg": 0.13270372535659278
    },
    "50": {
        "precision": 0.32,
        "recall": 4.341398928976884e-06,
        "ap": 0.3222337977924732,
        "ndcg": 0.26778523363097273
    },
    "100": {
        "precision": 0.36,
        "recall": 9.76814759019799e-06,
        "ap": 0.33111608521622937,
        "ndcg": 0.317072276431217
    }
}