{
    "samples": 5843444,
    "AUC": 0.6872050431107128,
    "AP": 0.11149257169267884,
    "precision": 0.0,
    "recall": 0.0,
    "F1": 0.0,
    "5": {
        "precision": 0.2,
        "recall": 4.2311207392614155e-06,
        "ap": 1.0,
        "ndcg": 0.40322580645161277
    },
    "10": {
        "precision": 0.3,
        "recall": 1.2693362217784247e-05,
        "ap": 0.5166666666666667,
        "ndcg": 0.4032258064516129
    },
    "20": {
        "precision": 0.35,
        "recall": 2.961784517482991e-05,
        "ap": 0.4378487427359608,
        "ndcg": 0.4032258064516128
    },
    "50": {
        "precision": 0.42,
        "recall": 8.885353552448973e-05,
        "ap": 0.4426558295124047,
        "ndcg": 0.4032258064516129
    },
    "100": {
        "precision": 0.41,
        "recall": 0.00017347595030971804,
        "ap": 0.4313246174441783,
        "ndcg": 0.410660699848735
    }
}