{
    "samples": 5843444,
    "AUC": 0.7024035907706674,
    "AP": 0.11582250637470944,
    "precision": 0.4033457249070632,
    "recall": 0.0009181532004197271,
    "F1": 0.0018321358313421873,
    "5": {
        "precision": 0.6,
        "recall": 1.2693362217784247e-05,
        "ap": 0.8666666666666667,
        "ndcg": 0.7020976466720956
    },
    "10": {
        "precision": 0.6,
        "recall": 2.5386724435568493e-05,
        "ap": 0.7092592592592593,
        "ndcg": 0.6592194812166502
    },
    "20": {
        "precision": 0.55,
        "recall": 4.654232813187557e-05,
        "ap": 0.6844246662428479,
        "ndcg": 0.5984072953249441
    },
    "50": {
        "precision": 0.4,
        "recall": 8.462241478522832e-05,
        "ap": 0.5769120624860629,
        "ndcg": 0.4672489917021413
    },
    "100": {
        "precision": 0.42,
        "recall": 0.00017770707104897946,
        "ap": 0.5063660508602158,
        "ndcg": 0.46330109063572095
    }
}