{
    "samples": 1167360,
    "AUC": 0.7946512941313919,
    "AP": 0.18355650482775962,
    "precision": 0.826530612244898,
    "recall": 0.003430168544084018,
    "F1": 0.0068319838056680165,
    "5": {
        "precision": 1.0,
        "recall": 0.00010586939950876598,
        "ap": 1.0,
        "ndcg": 0.9999999999999999
    },
    "10": {
        "precision": 1.0,
        "recall": 0.00021173879901753196,
        "ap": 1.0,
        "ndcg": 1.0
    },
    "20": {
        "precision": 1.0,
        "recall": 0.0004234775980350639,
        "ap": 1.0,
        "ndcg": 0.9999999999999999
    },
    "50": {
        "precision": 0.92,
        "recall": 0.000973998475480647,
        "ap": 0.9686284610972519,
        "ndcg": 0.9480281059371773
    },
    "100": {
        "precision": 0.84,
        "recall": 0.0017786059117472686,
        "ap": 0.9259310540293766,
        "ndcg": 0.8711166042362142
    }
}