{
    "samples": 5843444,
    "AUC": 0.6713967299850339,
    "AP": 0.10292316181180747,
    "precision": 0.0780866072465933,
    "recall": 0.49764749686897064,
    "F1": 0.1349914981845769,
    "5": {
        "precision": 0.2,
        "recall": 4.2311207392614155e-06,
        "ap": 0.3333333333333333,
        "ndcg": 0.21719873062191453
    },
    "10": {
        "precision": 0.2,
        "recall": 8.462241478522831e-06,
        "ap": 0.29166666666666663,
        "ndcg": 0.2103783363593337
    },
    "20": {
        "precision": 0.35,
        "recall": 2.961784517482991e-05,
        "ap": 0.32032257142827686,
        "ndcg": 0.31632695756543866
    },
    "50": {
        "precision": 0.26,
        "recall": 5.5004569610398403e-05,
        "ap": 0.310300670806361,
        "ndcg": 0.26316970575151954
    },
    "100": {
        "precision": 0.29,
        "recall": 0.00012270250143858104,
        "ap": 0.2950045386171277,
        "ndcg": 0.28496902010631486
    }
}