{
    "samples": 5843444,
    "AUC": 0.7139728893048876,
    "AP": 0.1209237619189525,
    "precision": 0.8,
    "recall": 5.0773448871136986e-05,
    "F1": 0.00010154045329350692,
    "5": {
        "precision": 1.0,
        "recall": 2.115560369630708e-05,
        "ap": 1.0,
        "ndcg": 0.9999999999999999
    },
    "10": {
        "precision": 0.9,
        "recall": 3.808008665335274e-05,
        "ap": 0.9765432098765433,
        "ndcg": 0.9202775065639528
    },
    "20": {
        "precision": 0.8,
        "recall": 6.769793182818265e-05,
        "ap": 0.9000208382948321,
        "ndcg": 0.8295965862595633
    },
    "50": {
        "precision": 0.54,
        "recall": 0.00011424025996005822,
        "ap": 0.7855539990940136,
        "ndcg": 0.6227793829925802
    },
    "100": {
        "precision": 0.46,
        "recall": 0.00019463155400602512,
        "ap": 0.6540905639669292,
        "ndcg": 0.5329914487582613
    }
}