{
    "samples": 5843444,
    "AUC": 0.6713832695132534,
    "AP": 0.10292542741703263,
    "precision": 0.07812259983521778,
    "recall": 0.4970762955691704,
    "F1": 0.13502422496490238,
    "5": {
        "precision": 0.2,
        "recall": 4.2311207392614155e-06,
        "ap": 0.25,
        "ndcg": 0.21719873062191453
    },
    "10": {
        "precision": 0.2,
        "recall": 8.462241478522831e-06,
        "ap": 0.25,
        "ndcg": 0.2103783363593337
    },
    "20": {
        "precision": 0.4,
        "recall": 3.3848965914091324e-05,
        "ap": 0.3168893928568851,
        "ndcg": 0.34781897063363393
    },
    "50": {
        "precision": 0.26,
        "recall": 5.5004569610398403e-05,
        "ap": 0.30352411402980417,
        "ndcg": 0.26297342316535066
    },
    "100": {
        "precision": 0.29,
        "recall": 0.00012270250143858104,
        "ap": 0.2923494556291769,
        "ndcg": 0.28489132322744154
    }
}