{
    "samples": 9348596,
    "AUC": 0.71547293636198,
    "AP": 0.12144511639988093,
    "precision": 0.9444444444444444,
    "recall": 4.495796430337634e-05,
    "F1": 8.991164858296598e-05,
    "5": {
        "precision": 1.0,
        "recall": 1.322293067746363e-05,
        "ap": 1.0,
        "ndcg": 0.9999999999999999
    },
    "10": {
        "precision": 1.0,
        "recall": 2.644586135492726e-05,
        "ap": 1.0,
        "ndcg": 1.0
    },
    "20": {
        "precision": 0.85,
        "recall": 4.495796430337634e-05,
        "ap": 0.9856737793156478,
        "ndcg": 0.8992579147521624
    },
    "50": {
        "precision": 0.68,
        "recall": 8.991592860675269e-05,
        "ap": 0.884394943405315,
        "ndcg": 0.7299536381574463
    },
    "100": {
        "precision": 0.52,
        "recall": 0.00013751847904562177,
        "ap": 0.7740847361055697,
        "ndcg": 0.599664214834066
    }
}