{
    "samples": 91133808,
    "AUC": 0.7186291748477506,
    "AP": 0.11933623714487576,
    "precision": 0.39865771812080536,
    "recall": 0.0022564420933357354,
    "F1": 0.004487484580342487,
    "5": {
        "precision": 0.0,
        "recall": 0.0,
        "ap": 0.0,
        "ndcg": 0.0
    },
    "10": {
        "precision": 0.0,
        "recall": 0.0,
        "ap": 0.0,
        "ndcg": 0.0
    },
    "20": {
        "precision": 0.2,
        "recall": 1.085349732244221e-06,
        "ap": 0.1319573443412453,
        "ndcg": 0.13270372535659278
    },
    "50": {
        "precision": 0.36,
        "recall": 4.884073795098995e-06,
        "ap": 0.32570441889943197,
        "ndcg": 0.29519123301823397
    },
    "100": {
        "precision": 0.52,
        "recall": 1.4109546519174874e-05,
        "ap": 0.4111851152082652,
        "ndcg": 0.44251681806250426
    }
}