{
    "samples": 91133808,
    "AUC": 0.7259270786441404,
    "AP": 0.12477507775878828,
    "precision": 0.3856332703213611,
    "recall": 0.0006642340361334633,
    "F1": 0.0013261837869698108,
    "5": {
        "precision": 0.0,
        "recall": 0.0,
        "ap": 0.0,
        "ndcg": 0.0
    },
    "10": {
        "precision": 0.0,
        "recall": 0.0,
        "ap": 0.0,
        "ndcg": 0.0
    },
    "20": {
        "precision": 0.0,
        "recall": 0.0,
        "ap": 0.0,
        "ndcg": 0.0
    },
    "50": {
        "precision": 0.32,
        "recall": 4.341398928976884e-06,
        "ap": 0.22027900486521929,
        "ndcg": 0.23803337077906989
    },
    "100": {
        "precision": 0.56,
        "recall": 1.5194896251419094e-05,
        "ap": 0.3784669905638693,
        "ndcg": 0.44855008494494675
    }
}