{
    "samples": 5843444,
    "AUC": 0.6702450305082072,
    "AP": 0.10225433884720704,
    "precision": 0.0,
    "recall": 0.0,
    "F1": 0.0,
    "5": {
        "precision": 0.6,
        "recall": 1.2693362217784247e-05,
        "ap": 0.4777777777777777,
        "ndcg": 0.44685352999185624
    },
    "10": {
        "precision": 0.4,
        "recall": 1.6924482957045662e-05,
        "ap": 0.48333333333333334,
        "ndcg": 0.357820087855795
    },
    "20": {
        "precision": 0.35,
        "recall": 2.961784517482991e-05,
        "ap": 0.4359649122807018,
        "ndcg": 0.33561250144287147
    },
    "50": {
        "precision": 0.28,
        "recall": 5.923569034965982e-05,
        "ap": 0.3644035061328294,
        "ndcg": 0.28690313522172356
    },
    "100": {
        "precision": 0.3,
        "recall": 0.00012693362217784248,
        "ap": 0.321586732679441,
        "ndcg": 0.2983484840886567
    }
}