{
    "samples": 5843444,
    "AUC": 0.646533688480035,
    "precision": 0.06387316293692812,
    "recall": 0.5831542158887046,
    "F1": 0.11513548102530516,
    "5": {
        "precision": 0.2,
        "recall": 4.2311207392614155e-06,
        "ap": 0.5,
        "ndcg": 0.12884663497623214
    },
    "10": {
        "precision": 0.1,
        "recall": 4.2311207392614155e-06,
        "ap": 0.5,
        "ndcg": 0.12884663497623217
    },
    "20": {
        "precision": 0.1,
        "recall": 8.462241478522831e-06,
        "ap": 0.3214285714285714,
        "ndcg": 0.12884663497623214
    },
    "50": {
        "precision": 0.12,
        "recall": 2.5386724435568493e-05,
        "ap": 0.202850073313783,
        "ndcg": 0.12884663497623217
    },
    "100": {
        "precision": 0.13,
        "recall": 5.5004569610398403e-05,
        "ap": 0.17259898431073584,
        "ndcg": 0.12884663497623225
    }
}