{
    "samples": 1168689,
    "AUC": 0.6475309908219354,
    "precision": 0.06391245554238292,
    "recall": 0.5853213732849842,
    "F1": 0.11524145719778969,
    "5": {
        "precision": 0.0,
        "recall": 0.0,
        "ap": 0.0,
        "ndcg": 0.1394472361809045
    },
    "10": {
        "precision": 0.1,
        "recall": 1.0602879742137965e-05,
        "ap": 0.16666666666666666,
        "ndcg": 0.13944723618090452
    },
    "20": {
        "precision": 0.1,
        "recall": 2.120575948427593e-05,
        "ap": 0.14583333333333331,
        "ndcg": 0.1394472361809045
    },
    "50": {
        "precision": 0.08,
        "recall": 4.241151896855186e-05,
        "ap": 0.12730691056910567,
        "ndcg": 0.13944723618090452
    },
    "100": {
        "precision": 0.1,
        "recall": 0.00010602879742137964,
        "ap": 0.10679170171747569,
        "ndcg": 0.1394472361809046
    }
}