{
    "samples": 1168689,
    "AUC": 0.6486299790349354,
    "precision": 0.07274685417239528,
    "recall": 0.471255593019064,
    "F1": 0.1260375282511109,
    "5": {
        "precision": 0.6,
        "recall": 3.180863922641389e-05,
        "ap": 0.6388888888888888,
        "ndcg": 0.3181818181818181
    },
    "10": {
        "precision": 0.4,
        "recall": 4.241151896855186e-05,
        "ap": 0.6041666666666666,
        "ndcg": 0.3181818181818182
    },
    "20": {
        "precision": 0.35,
        "recall": 7.422015819496576e-05,
        "ap": 0.5316627816627817,
        "ndcg": 0.3181818181818181
    },
    "50": {
        "precision": 0.32,
        "recall": 0.00016964607587420744,
        "ap": 0.4172192780603264,
        "ndcg": 0.3194346568926805
    },
    "100": {
        "precision": 0.42,
        "recall": 0.0004453209491697945,
        "ap": 0.40586908816882916,
        "ndcg": 0.3981100705684958
    }
}