{
    "samples": 5843444,
    "AUC": 0.6476380055658949,
    "precision": 0.07287266074427633,
    "recall": 0.47053870629252276,
    "F1": 0.12620055299058056,
    "5": {
        "precision": 0.8,
        "recall": 1.6924482957045662e-05,
        "ap": 0.95,
        "ndcg": 0.3789473684210526
    },
    "10": {
        "precision": 0.8,
        "recall": 3.3848965914091324e-05,
        "ap": 0.883531746031746,
        "ndcg": 0.37894736842105264
    },
    "20": {
        "precision": 0.5,
        "recall": 4.231120739261416e-05,
        "ap": 0.8218989262371614,
        "ndcg": 0.3789473684210526
    },
    "50": {
        "precision": 0.34,
        "recall": 7.192905256744406e-05,
        "ap": 0.6190432567611373,
        "ndcg": 0.37894736842105264
    },
    "100": {
        "precision": 0.38,
        "recall": 0.0001607825880919338,
        "ap": 0.48511810808673866,
        "ndcg": 0.37971334995323147
    }
}