{
    "samples": 5843444,
    "AUC": 0.5168747950852025,
    "precision": 0.04560827149746438,
    "recall": 0.11172274312019768,
    "F1": 0.06477402072376168,
    "5": {
        "precision": 0.0,
        "recall": 0.0,
        "ap": 0.0,
        "ndcg": 0.0
    },
    "10": {
        "precision": 0.0,
        "recall": 0.0,
        "ap": 0.0,
        "ndcg": 0.0
    },
    "20": {
        "precision": 0.0,
        "recall": 0.0,
        "ap": 0.0,
        "ndcg": 0.0
    },
    "50": {
        "precision": 0.0,
        "recall": 0.0,
        "ap": 0.0,
        "ndcg": 0.0
    },
    "100": {
        "precision": 0.01,
        "recall": 4.2311207392614155e-06,
        "ap": 0.012987012987012988,
        "ndcg": 0.0010277893664814813
    }
}