{
    "samples": 5843444,
    "AUC": 0.5250063784199851,
    "precision": 0.04258368118951259,
    "recall": 0.5270707104897946,
    "F1": 0.07880080072291527,
    "5": {
        "precision": 0.0,
        "recall": 0.0,
        "ap": 0.0,
        "ndcg": 0.0
    },
    "10": {
        "precision": 0.0,
        "recall": 0.0,
        "ap": 0.0,
        "ndcg": 0.0
    },
    "20": {
        "precision": 0.0,
        "recall": 0.0,
        "ap": 0.0,
        "ndcg": 0.0
    },
    "50": {
        "precision": 0.0,
        "recall": 0.0,
        "ap": 0.0,
        "ndcg": 0.0
    },
    "100": {
        "precision": 0.04,
        "recall": 4.341398928976884e-06,
        "ap": 0.028293207362206273,
        "ndcg": 0.029615417539260305
    }
}