{
    "samples": 1168689,
    "AUC": 0.5256275333413698,
    "precision": 0.04267551530133396,
    "recall": 0.52935937400598,
    "F1": 0.07898358819565073,
    "5": {
        "precision": 0.0,
        "recall": 0.0,
        "ap": 0.0,
        "ndcg": 0.0
    },
    "10": {
        "precision": 0.1,
        "recall": 2.120575948427593e-05,
        "ap": 0.1,
        "ndcg": 0.06362078819895167
    },
    "20": {
        "precision": 0.05,
        "recall": 2.120575948427593e-05,
        "ap": 0.1,
        "ndcg": 0.04105877938688903
    },
    "50": {
        "precision": 0.08,
        "recall": 8.482303793710372e-05,
        "ap": 0.095446047008547,
        "ndcg": 0.06897129502640106
    },
    "100": {
        "precision": 0.07,
        "recall": 0.00014844031638993152,
        "ap": 0.0891227812144441,
        "ndcg": 0.0655361807560415
    }
}