{
    "samples": 1168689,
    "AUC": 0.49596378664643964,
    "precision": 0.0404061923022298,
    "recall": 0.3378501601034841,
    "F1": 0.07217982435276235,
    "5": {
        "precision": 0.0,
        "recall": 0.0,
        "ap": 0.0,
        "ndcg": 0.0
    },
    "10": {
        "precision": 0.0,
        "recall": 0.0,
        "ap": 0.0,
        "ndcg": 0.0
    },
    "20": {
        "precision": 0.0,
        "recall": 0.0,
        "ap": 0.0,
        "ndcg": 0.0
    },
    "50": {
        "precision": 0.02,
        "recall": 2.120575948427593e-05,
        "ap": 0.03225806451612903,
        "ndcg": 0.015506601402201604
    },
    "100": {
        "precision": 0.04,
        "recall": 8.482303793710372e-05,
        "ap": 0.044227017481407026,
        "ndcg": 0.033704752114889866
    }
}