{
    "samples": 5843444,
    "AUC": 0.4943678714746208,
    "precision": 0.04042174087404121,
    "recall": 0.336915682225908,
    "F1": 0.07218323744013663,
    "5": {
        "precision": 0.2,
        "recall": 2.1155603696307078e-06,
        "ap": 0.2,
        "ndcg": 0.13120507751234178
    },
    "10": {
        "precision": 0.2,
        "recall": 4.2311207392614155e-06,
        "ap": 0.26666666666666666,
        "ndcg": 0.16354138662029638
    },
    "20": {
        "precision": 0.1,
        "recall": 4.2311207392614155e-06,
        "ap": 0.26666666666666666,
        "ndcg": 0.10554427104660297
    },
    "50": {
        "precision": 0.04,
        "recall": 4.2311207392614155e-06,
        "ap": 0.26666666666666666,
        "ndcg": 0.057611675750961794
    },
    "100": {
        "precision": 0.02,
        "recall": 4.2311207392614155e-06,
        "ap": 0.26666666666666666,
        "ndcg": 0.03548744802399412
    }
}