{
    "samples": 5843444,
    "AUC": 0.4943678714746208,
    "precision": 0.04042174087404121,
    "recall": 0.336915682225908,
    "F1": 0.07218323744013663,
    "5": {
        "precision": 0.2,
        "recall": 4.2311207392614155e-06,
        "ap": 0.3333333333333333,
        "ndcg": 0.16958010263680806
    },
    "10": {
        "precision": 0.1,
        "recall": 4.2311207392614155e-06,
        "ap": 0.3333333333333333,
        "ndcg": 0.1100458831490401
    },
    "20": {
        "precision": 0.05,
        "recall": 4.2311207392614155e-06,
        "ap": 0.3333333333333333,
        "ndcg": 0.07102001981682865
    },
    "50": {
        "precision": 0.02,
        "recall": 4.2311207392614155e-06,
        "ap": 0.3333333333333333,
        "ndcg": 0.038766503505504146
    },
    "100": {
        "precision": 0.02,
        "recall": 8.462241478522831e-06,
        "ap": 0.18,
        "ndcg": 0.03152316005241615
    }
}