{
    "samples": 5843444,
    "AUC": 0.5367719500986935,
    "precision": 0.04571025532515164,
    "recall": 0.27421047287005385,
    "F1": 0.0783583533235317,
    "5": {
        "precision": 0.0,
        "recall": 0.0,
        "ap": 0.0,
        "ndcg": 0.15945945945945944
    },
    "10": {
        "precision": 0.1,
        "recall": 2.1155603696307078e-06,
        "ap": 0.125,
        "ndcg": 0.15945945945945947
    },
    "20": {
        "precision": 0.15,
        "recall": 6.346681108892123e-06,
        "ap": 0.148109243697479,
        "ndcg": 0.15945945945945944
    },
    "50": {
        "precision": 0.14,
        "recall": 1.4808922587414955e-05,
        "ap": 0.1486365253171976,
        "ndcg": 0.15945945945945947
    },
    "100": {
        "precision": 0.18,
        "recall": 3.808008665335274e-05,
        "ap": 0.15891053672232103,
        "ndcg": 0.15945945945945955
    }
}