{
    "samples": 5843444,
    "AUC": 0.5367719500986935,
    "precision": 0.04571025532515164,
    "recall": 0.27421047287005385,
    "F1": 0.0783583533235317,
    "5": {
        "precision": 0.4,
        "recall": 8.462241478522831e-06,
        "ap": 0.8333333333333333,
        "ndcg": 0.15945945945945944
    },
    "10": {
        "precision": 0.4,
        "recall": 1.6924482957045662e-05,
        "ap": 0.6,
        "ndcg": 0.15945945945945947
    },
    "20": {
        "precision": 0.25,
        "recall": 2.115560369630708e-05,
        "ap": 0.5569230769230769,
        "ndcg": 0.15945945945945944
    },
    "50": {
        "precision": 0.12,
        "recall": 2.5386724435568493e-05,
        "ap": 0.5117216117216117,
        "ndcg": 0.15945945945945947
    },
    "100": {
        "precision": 0.12,
        "recall": 5.0773448871136986e-05,
        "ap": 0.32089045103128006,
        "ndcg": 0.15945945945945955
    }
}