{
    "samples": 1168689,
    "AUC": 0.5380398381810756,
    "precision": 0.045878550965975644,
    "recall": 0.2757596963335242,
    "F1": 0.07866884855157728,
    "5": {
        "precision": 0.0,
        "recall": 0.0,
        "ap": 0.0,
        "ndcg": 0.15277777777777776
    },
    "10": {
        "precision": 0.1,
        "recall": 2.120575948427593e-05,
        "ap": 0.14285714285714285,
        "ndcg": 0.1527777777777778
    },
    "20": {
        "precision": 0.15,
        "recall": 6.361727845282778e-05,
        "ap": 0.14523809523809525,
        "ndcg": 0.15277777777777776
    },
    "50": {
        "precision": 0.18,
        "recall": 0.00019085183535848336,
        "ap": 0.16959513969540868,
        "ndcg": 0.1527777777777778
    },
    "100": {
        "precision": 0.15,
        "recall": 0.00031808639226413895,
        "ap": 0.1660849433419887,
        "ndcg": 0.15047381940213422
    }
}