{
    "samples": 1168689,
    "AUC": 0.5300167853078437,
    "precision": 0.04407931628170411,
    "recall": 0.33172169561252834,
    "F1": 0.07781812754949756,
    "5": {
        "precision": 0.0,
        "recall": 0.0,
        "ap": 0.0,
        "ndcg": 0.13216795894527675
    },
    "10": {
        "precision": 0.0,
        "recall": 0.0,
        "ap": 0.0,
        "ndcg": 0.15598164674038398
    },
    "20": {
        "precision": 0.15,
        "recall": 6.361727845282778e-05,
        "ap": 0.11699346405228757,
        "ndcg": 0.17159199207326853
    },
    "50": {
        "precision": 0.1,
        "recall": 0.00010602879742137964,
        "ap": 0.14199095022624436,
        "ndcg": 0.11385063790271109
    },
    "100": {
        "precision": 0.11,
        "recall": 0.00023326335432703523,
        "ap": 0.11886495058352081,
        "ndcg": 0.11490457747608514
    }
}