{
    "samples": 5843444,
    "AUC": 0.5271658419849559,
    "precision": 0.04403569206352069,
    "recall": 0.3305859255999729,
    "F1": 0.07771884661141372,
    "5": {
        "precision": 0.0,
        "recall": 0.0,
        "ap": 0.0,
        "ndcg": 0.0
    },
    "10": {
        "precision": 0.0,
        "recall": 0.0,
        "ap": 0.0,
        "ndcg": 0.04255374844462466
    },
    "20": {
        "precision": 0.05,
        "recall": 4.2311207392614155e-06,
        "ap": 0.09090909090909091,
        "ndcg": 0.07044857574498822
    },
    "50": {
        "precision": 0.1,
        "recall": 2.115560369630708e-05,
        "ap": 0.08456351903160414,
        "ndcg": 0.09350267860172762
    },
    "100": {
        "precision": 0.12,
        "recall": 5.0773448871136986e-05,
        "ap": 0.10560958694846423,
        "ndcg": 0.10414375110150573
    }
}