{
    "samples": 1168689,
    "AUC": 0.6146885418443824,
    "precision": 0.057364527074999144,
    "recall": 0.4968721504760693,
    "F1": 0.10285438363530612,
    "5": {
        "precision": 0.0,
        "recall": 0.0,
        "ap": 0.0,
        "ndcg": 0.0
    },
    "10": {
        "precision": 0.1,
        "recall": 2.120575948427593e-05,
        "ap": 0.1,
        "ndcg": 0.06362078819895167
    },
    "20": {
        "precision": 0.15,
        "recall": 6.361727845282778e-05,
        "ap": 0.12254901960784315,
        "ndcg": 0.1074600427911913
    },
    "50": {
        "precision": 0.12,
        "recall": 0.00012723455690565557,
        "ap": 0.1285344103971555,
        "ndcg": 0.10319262456648814
    },
    "100": {
        "precision": 0.16,
        "recall": 0.0003392921517484149,
        "ap": 0.1377765820511661,
        "ndcg": 0.1395661395637354
    }
}