{
    "samples": 1168689,
    "AUC": 0.5422646912365611,
    "precision": 0.04621556045666157,
    "recall": 0.3728184574930551,
    "F1": 0.08223682671843206,
    "5": {
        "precision": 0.0,
        "recall": 0.0,
        "ap": 0.0,
        "ndcg": 0.0
    },
    "10": {
        "precision": 0.1,
        "recall": 2.120575948427593e-05,
        "ap": 0.1,
        "ndcg": 0.06362078819895167
    },
    "20": {
        "precision": 0.05,
        "recall": 2.120575948427593e-05,
        "ap": 0.1,
        "ndcg": 0.04105877938688903
    },
    "50": {
        "precision": 0.06,
        "recall": 6.361727845282778e-05,
        "ap": 0.08454106280193237,
        "ndcg": 0.05335912373062387
    },
    "100": {
        "precision": 0.05,
        "recall": 0.00010602879742137964,
        "ap": 0.07744688428054511,
        "ndcg": 0.04857928312796912
    }
}