{
    "samples": 5843444,
    "AUC": 0.5426004938549397,
    "precision": 0.04669295087098208,
    "recall": 0.3755712012998003,
    "F1": 0.08305951410128107,
    "5": {
        "precision": 0.0,
        "recall": 0.0,
        "ap": 0.0,
        "ndcg": 0.05263157894736841
    },
    "10": {
        "precision": 0.1,
        "recall": 4.2311207392614155e-06,
        "ap": 0.14285714285714285,
        "ndcg": 0.05263157894736842
    },
    "20": {
        "precision": 0.05,
        "recall": 4.2311207392614155e-06,
        "ap": 0.14285714285714285,
        "ndcg": 0.050929563623772635
    },
    "50": {
        "precision": 0.04,
        "recall": 8.462241478522831e-06,
        "ap": 0.09581881533101044,
        "ndcg": 0.04217848458141883
    },
    "100": {
        "precision": 0.06,
        "recall": 2.5386724435568493e-05,
        "ap": 0.07578881145954318,
        "ndcg": 0.05748385233617012
    }
}