{
    "samples": 1168689,
    "AUC": 0.49779365943103787,
    "precision": 0.041028878198775764,
    "recall": 0.7594418644103739,
    "F1": 0.07785180918013543,
    "5": {
        "precision": 0.0,
        "recall": 0.0,
        "ap": 0.0,
        "ndcg": 0.0
    },
    "10": {
        "precision": 0.0,
        "recall": 0.0,
        "ap": 0.0,
        "ndcg": 0.0
    },
    "20": {
        "precision": 0.0,
        "recall": 0.0,
        "ap": 0.0,
        "ndcg": 0.0
    },
    "50": {
        "precision": 0.0,
        "recall": 0.0,
        "ap": 0.0,
        "ndcg": 0.00056951687576891
    },
    "100": {
        "precision": 0.01,
        "recall": 2.120575948427593e-05,
        "ap": 0.018518518518518517,
        "ndcg": 0.008023329386562616
    }
}