{
    "samples": 5843444,
    "AUC": 0.49950678260192355,
    "precision": 0.0412530327548993,
    "recall": 0.7612928612530887,
    "F1": 0.07826503026388192,
    "5": {
        "precision": 0.2,
        "recall": 4.2311207392614155e-06,
        "ap": 0.25,
        "ndcg": 0.11013996578773062
    },
    "10": {
        "precision": 0.1,
        "recall": 4.2311207392614155e-06,
        "ap": 0.25,
        "ndcg": 0.09676700001863363
    },
    "20": {
        "precision": 0.05,
        "recall": 4.2311207392614155e-06,
        "ap": 0.25,
        "ndcg": 0.06245026222044878
    },
    "50": {
        "precision": 0.02,
        "recall": 4.2311207392614155e-06,
        "ap": 0.25,
        "ndcg": 0.03732269885233425
    },
    "100": {
        "precision": 0.02,
        "recall": 8.462241478522831e-06,
        "ap": 0.14015151515151514,
        "ndcg": 0.028808446996621367
    }
}