{
    "samples": 5843444,
    "AUC": 0.5567359543760912,
    "precision": 0.04394957440686751,
    "recall": 0.6999458416545374,
    "F1": 0.08270603954369392,
    "5": {
        "precision": 0.4,
        "recall": 8.462241478522831e-06,
        "ap": 0.8333333333333333,
        "ndcg": 0.5087403079104241
    },
    "10": {
        "precision": 0.3,
        "recall": 1.2693362217784247e-05,
        "ap": 0.6805555555555555,
        "ndcg": 0.39956887138389763
    },
    "20": {
        "precision": 0.25,
        "recall": 2.115560369630708e-05,
        "ap": 0.5004385964912281,
        "ndcg": 0.3230719647680545
    },
    "50": {
        "precision": 0.16,
        "recall": 3.3848965914091324e-05,
        "ap": 0.39772656845919147,
        "ndcg": 0.22310199564151642
    },
    "100": {
        "precision": 0.11,
        "recall": 4.654232813187557e-05,
        "ap": 0.32419811521221537,
        "ndcg": 0.16016864084951082
    }
}