{
    "samples": 1168689,
    "AUC": 0.5560245353687446,
    "precision": 0.04394386559847771,
    "recall": 0.701274466145005,
    "F1": 0.08270518739339859,
    "5": {
        "precision": 0.6,
        "recall": 6.361727845282778e-05,
        "ap": 0.5333333333333333,
        "ndcg": 0.49125969208957565
    },
    "10": {
        "precision": 0.3,
        "recall": 6.361727845282778e-05,
        "ap": 0.5333333333333333,
        "ndcg": 0.31879392588472627
    },
    "20": {
        "precision": 0.2,
        "recall": 8.482303793710372e-05,
        "ap": 0.45882352941176474,
        "ndcg": 0.23980216290934367
    },
    "50": {
        "precision": 0.12,
        "recall": 0.00012723455690565557,
        "ap": 0.36232387889489753,
        "ndcg": 0.16158115343934057
    },
    "100": {
        "precision": 0.07,
        "recall": 0.00014844031638993152,
        "ap": 0.3284204676241979,
        "ndcg": 0.1077180180554997
    }
}