{
    "samples": 5843444,
    "AUC": 0.5159193005448981,
    "precision": 0.04776760780860892,
    "recall": 0.1537970077514132,
    "F1": 0.07289488909544681,
    "5": {
        "precision": 0.0,
        "recall": 0.0,
        "ap": 0.0,
        "ndcg": 0.0
    },
    "10": {
        "precision": 0.1,
        "recall": 4.2311207392614155e-06,
        "ap": 0.1,
        "ndcg": 0.06362078819895167
    },
    "20": {
        "precision": 0.05,
        "recall": 4.2311207392614155e-06,
        "ap": 0.1,
        "ndcg": 0.04105877938688903
    },
    "50": {
        "precision": 0.04,
        "recall": 8.462241478522831e-06,
        "ap": 0.07564102564102565,
        "ndcg": 0.04358538550772759
    },
    "100": {
        "precision": 0.02,
        "recall": 8.462241478522831e-06,
        "ap": 0.07564102564102565,
        "ndcg": 0.04325883404218468
    }
}