{
    "samples": 1168689,
    "AUC": 0.5171842064366612,
    "precision": 0.047617476458516175,
    "recall": 0.1530207604385351,
    "F1": 0.07263283978701346,
    "5": {
        "precision": 0.0,
        "recall": 0.0,
        "ap": 0.0,
        "ndcg": 0.0
    },
    "10": {
        "precision": 0.0,
        "recall": 0.0,
        "ap": 0.0,
        "ndcg": 0.013287082239341197
    },
    "20": {
        "precision": 0.05,
        "recall": 2.120575948427593e-05,
        "ap": 0.05263157894736842,
        "ndcg": 0.03221722580290999
    },
    "50": {
        "precision": 0.04,
        "recall": 4.241151896855186e-05,
        "ap": 0.05334281650071124,
        "ndcg": 0.03466163982815626
    },
    "100": {
        "precision": 0.03,
        "recall": 6.361727845282778e-05,
        "ap": 0.0467978327233206,
        "ndcg": 0.028707447147686676
    }
}