{
    "samples": 5843444,
    "AUC": 0.5371047088462431,
    "precision": 0.07091487975103282,
    "recall": 0.10451291338049623,
    "F1": 0.08449653903188674,
    "5": {
        "precision": 0.2,
        "recall": 4.2311207392614155e-06,
        "ap": 0.5,
        "ndcg": 0.3789473684210526
    },
    "10": {
        "precision": 0.3,
        "recall": 1.2693362217784247e-05,
        "ap": 0.34074074074074073,
        "ndcg": 0.37894736842105264
    },
    "20": {
        "precision": 0.35,
        "recall": 2.961784517482991e-05,
        "ap": 0.3536647992530345,
        "ndcg": 0.3789473684210526
    },
    "50": {
        "precision": 0.46,
        "recall": 9.731577700301256e-05,
        "ap": 0.4205600123188212,
        "ndcg": 0.37894736842105264
    },
    "100": {
        "precision": 0.38,
        "recall": 0.0001607825880919338,
        "ap": 0.41308708434063857,
        "ndcg": 0.379737398417737
    }
}