{
    "samples": 1168689,
    "AUC": 0.5367420553417508,
    "precision": 0.07003441038308322,
    "recall": 0.10401425027037343,
    "F1": 0.08370735703192997,
    "5": {
        "precision": 0.4,
        "recall": 4.241151896855186e-05,
        "ap": 0.3666666666666667,
        "ndcg": 0.3181818181818181
    },
    "10": {
        "precision": 0.3,
        "recall": 6.361727845282778e-05,
        "ap": 0.3444444444444445,
        "ndcg": 0.3181818181818182
    },
    "20": {
        "precision": 0.3,
        "recall": 0.00012723455690565557,
        "ap": 0.3184640522875817,
        "ndcg": 0.3181818181818181
    },
    "50": {
        "precision": 0.38,
        "recall": 0.00040290943020124265,
        "ap": 0.3340105324796303,
        "ndcg": 0.36098422404580915
    },
    "100": {
        "precision": 0.5,
        "recall": 0.0010602879742137965,
        "ap": 0.4178961941273289,
        "ndcg": 0.4618572233693347
    }
}