{
    "samples": 1168689,
    "AUC": 0.5857546583851394,
    "precision": 0.048764582760029686,
    "recall": 0.6200352015607439,
    "F1": 0.0904179654643511,
    "5": {
        "precision": 0.0,
        "recall": 0.0,
        "ap": 0.0,
        "ndcg": 0.0
    },
    "10": {
        "precision": 0.0,
        "recall": 0.0,
        "ap": 0.0,
        "ndcg": 0.0
    },
    "20": {
        "precision": 0.0,
        "recall": 0.0,
        "ap": 0.0,
        "ndcg": 0.0
    },
    "50": {
        "precision": 0.0,
        "recall": 0.0,
        "ap": 0.0,
        "ndcg": 0.0
    },
    "100": {
        "precision": 0.01,
        "recall": 2.120575948427593e-05,
        "ap": 0.010416666666666666,
        "ndcg": 0.005054363533427677
    }
}