{
    "samples": 5843444,
    "AUC": 0.5860478328494623,
    "precision": 0.048944640566860105,
    "recall": 0.621001590901398,
    "F1": 0.09073772858309546,
    "5": {
        "precision": 0.0,
        "recall": 0.0,
        "ap": 0.0,
        "ndcg": 0.033333333333333326
    },
    "10": {
        "precision": 0.1,
        "recall": 4.2311207392614155e-06,
        "ap": 0.14285714285714285,
        "ndcg": 0.03333333333333333
    },
    "20": {
        "precision": 0.05,
        "recall": 4.2311207392614155e-06,
        "ap": 0.14285714285714285,
        "ndcg": 0.033333333333333326
    },
    "50": {
        "precision": 0.02,
        "recall": 4.2311207392614155e-06,
        "ap": 0.14285714285714285,
        "ndcg": 0.03333333333333333
    },
    "100": {
        "precision": 0.02,
        "recall": 8.462241478522831e-06,
        "ap": 0.08809523809523809,
        "ndcg": 0.023269097249425837
    }
}