{
    "samples": 1168689,
    "AUC": 0.4952308726952374,
    "precision": 0.04103973064982697,
    "recall": 0.9287274423733486,
    "F1": 0.07860592757184215,
    "5": {
        "precision": 0.2,
        "recall": 2.120575948427593e-05,
        "ap": 1.0,
        "ndcg": 0.3391602052736161
    },
    "10": {
        "precision": 0.1,
        "recall": 2.120575948427593e-05,
        "ap": 1.0,
        "ndcg": 0.2200917662980802
    },
    "20": {
        "precision": 0.05,
        "recall": 2.120575948427593e-05,
        "ap": 1.0,
        "ndcg": 0.1420400396336573
    },
    "50": {
        "precision": 0.02,
        "recall": 2.120575948427593e-05,
        "ap": 1.0,
        "ndcg": 0.07753300701100829
    },
    "100": {
        "precision": 0.01,
        "recall": 2.120575948427593e-05,
        "ap": 1.0,
        "ndcg": 0.047758523260819995
    }
}