{
    "samples": 5843444,
    "AUC": 0.4955994501705423,
    "precision": 0.04118379706121883,
    "recall": 0.9296787733134753,
    "F1": 0.07887357716857556,
    "5": {
        "precision": 0.2,
        "recall": 4.2311207392614155e-06,
        "ap": 0.3333333333333333,
        "ndcg": 0.15782422623975723
    },
    "10": {
        "precision": 0.1,
        "recall": 4.2311207392614155e-06,
        "ap": 0.3333333333333333,
        "ndcg": 0.10241712375929543
    },
    "20": {
        "precision": 0.05,
        "recall": 4.2311207392614155e-06,
        "ap": 0.3333333333333333,
        "ndcg": 0.06609666759743024
    },
    "50": {
        "precision": 0.02,
        "recall": 4.2311207392614155e-06,
        "ap": 0.3333333333333333,
        "ndcg": 0.03607907605104272
    },
    "100": {
        "precision": 0.01,
        "recall": 4.2311207392614155e-06,
        "ap": 0.3333333333333333,
        "ndcg": 0.025412486212683324
    }
}