{
    "samples": 1168689,
    "AUC": 0.5332371581107709,
    "precision": 0.044256504540642935,
    "recall": 0.4211251775982357,
    "F1": 0.08009566792099733,
    "5": {
        "precision": 0.0,
        "recall": 0.0,
        "ap": 0.0,
        "ndcg": 0.0
    },
    "10": {
        "precision": 0.0,
        "recall": 0.0,
        "ap": 0.0,
        "ndcg": 0.0
    },
    "20": {
        "precision": 0.0,
        "recall": 0.0,
        "ap": 0.0,
        "ndcg": 0.0
    },
    "50": {
        "precision": 0.02,
        "recall": 2.120575948427593e-05,
        "ap": 0.04,
        "ndcg": 0.01649484126171722
    },
    "100": {
        "precision": 0.04,
        "recall": 8.482303793710372e-05,
        "ap": 0.04206928838951311,
        "ndcg": 0.033679802459962924
    }
}