{
    "samples": 5843444,
    "AUC": 0.5330477115736088,
    "precision": 0.044386504434639214,
    "recall": 0.4213773144230444,
    "F1": 0.08031309121934933,
    "5": {
        "precision": 0.0,
        "recall": 0.0,
        "ap": 0.0,
        "ndcg": 0.0
    },
    "10": {
        "precision": 0.0,
        "recall": 0.0,
        "ap": 0.0,
        "ndcg": 0.0
    },
    "20": {
        "precision": 0.0,
        "recall": 0.0,
        "ap": 0.0,
        "ndcg": 0.0
    },
    "50": {
        "precision": 0.0,
        "recall": 0.0,
        "ap": 0.0,
        "ndcg": 0.0
    },
    "100": {
        "precision": 0.02,
        "recall": 8.462241478522831e-06,
        "ap": 0.024726775956284155,
        "ndcg": 0.016073698262287703
    }
}