{
    "samples": 1168689,
    "AUC": 0.5190834553772126,
    "precision": 0.042968534933656335,
    "recall": 0.2647963186801535,
    "F1": 0.07393898124435629,
    "5": {
        "precision": 0.0,
        "recall": 0.0,
        "ap": 0.0,
        "ndcg": 0.0
    },
    "10": {
        "precision": 0.1,
        "recall": 2.120575948427593e-05,
        "ap": 0.1,
        "ndcg": 0.06362078819895167
    },
    "20": {
        "precision": 0.15,
        "recall": 6.361727845282778e-05,
        "ap": 0.12300194931773878,
        "ndcg": 0.10736124133917953
    },
    "50": {
        "precision": 0.16,
        "recall": 0.00016964607587420744,
        "ap": 0.18526882795448862,
        "ndcg": 0.14010350180332384
    },
    "100": {
        "precision": 0.13,
        "recall": 0.0002756748732955871,
        "ap": 0.17088117691366958,
        "ndcg": 0.1246941675691734
    }
}