{
    "samples": 5843444,
    "AUC": 0.5209139905302509,
    "precision": 0.0437817420381355,
    "recall": 0.2692939105710321,
    "F1": 0.07531825887323193,
    "5": {
        "precision": 0.4,
        "recall": 8.462241478522831e-06,
        "ap": 0.45,
        "ndcg": 0.34519134224686926
    },
    "10": {
        "precision": 0.3,
        "recall": 1.2693362217784247e-05,
        "ap": 0.39999999999999997,
        "ndcg": 0.2876263497141272
    },
    "20": {
        "precision": 0.15,
        "recall": 1.2693362217784247e-05,
        "ap": 0.4000000000000001,
        "ndcg": 0.18562465466221834
    },
    "50": {
        "precision": 0.18,
        "recall": 3.808008665335274e-05,
        "ap": 0.2531087209658638,
        "ndcg": 0.19201492284644944
    },
    "100": {
        "precision": 0.23,
        "recall": 9.731577700301256e-05,
        "ap": 0.21728407769511618,
        "ndcg": 0.2230512837020838
    }
}