{
    "samples": 1168689,
    "AUC": 0.5378485289648113,
    "precision": 0.05207552661258049,
    "recall": 0.15176962062896282,
    "F1": 0.07754398890526133,
    "5": {
        "precision": 0.2,
        "recall": 2.120575948427593e-05,
        "ap": 0.5,
        "ndcg": 0.29999999999999993
    },
    "10": {
        "precision": 0.3,
        "recall": 6.361727845282778e-05,
        "ap": 0.34074074074074073,
        "ndcg": 0.3
    },
    "20": {
        "precision": 0.3,
        "recall": 0.00012723455690565557,
        "ap": 0.33262761776693667,
        "ndcg": 0.29999999999999993
    },
    "50": {
        "precision": 0.32,
        "recall": 0.0003392921517484149,
        "ap": 0.3214886733681548,
        "ndcg": 0.31373388848815337
    },
    "100": {
        "precision": 0.35,
        "recall": 0.0007422015819496576,
        "ap": 0.32652758823784556,
        "ndcg": 0.3379733254039684
    }
}