{
    "samples": 5843444,
    "AUC": 0.5376099380513216,
    "precision": 0.052365712760370574,
    "recall": 0.15272653420438007,
    "F1": 0.07799060119915735,
    "5": {
        "precision": 0.2,
        "recall": 4.2311207392614155e-06,
        "ap": 1.0,
        "ndcg": 0.3251533742331288
    },
    "10": {
        "precision": 0.4,
        "recall": 1.6924482957045662e-05,
        "ap": 0.5270833333333333,
        "ndcg": 0.32515337423312884
    },
    "20": {
        "precision": 0.35,
        "recall": 2.961784517482991e-05,
        "ap": 0.47986002093144947,
        "ndcg": 0.32515337423312884
    },
    "50": {
        "precision": 0.3,
        "recall": 6.346681108892124e-05,
        "ap": 0.37779423475075646,
        "ndcg": 0.32515337423312884
    },
    "100": {
        "precision": 0.35,
        "recall": 0.00014808922587414956,
        "ap": 0.3504571261364721,
        "ndcg": 0.325153374233129
    }
}