{
    "samples": 1168689,
    "AUC": 0.49172957489505015,
    "precision": 0.041268446943078005,
    "recall": 0.09962465805712832,
    "F1": 0.05836133592551414,
    "5": {
        "precision": 0.2,
        "recall": 2.120575948427593e-05,
        "ap": 0.5,
        "ndcg": 0.3629374413984795
    },
    "10": {
        "precision": 0.5,
        "recall": 0.00010602879742137964,
        "ap": 0.42103174603174603,
        "ndcg": 0.43912771491857006
    },
    "20": {
        "precision": 0.35,
        "recall": 0.00014844031638993152,
        "ap": 0.39835600907029484,
        "ndcg": 0.3491744715453042
    },
    "50": {
        "precision": 0.3,
        "recall": 0.00031808639226413895,
        "ap": 0.3708215347487665,
        "ndcg": 0.31365935476595663
    },
    "100": {
        "precision": 0.27,
        "recall": 0.0005725555060754501,
        "ap": 0.33713939857170366,
        "ndcg": 0.2859416503356065
    }
}