{
    "samples": 5843444,
    "AUC": 0.4930325562063631,
    "precision": 0.04221463664188122,
    "recall": 0.10125071929052568,
    "F1": 0.059585985714801504,
    "5": {
        "precision": 0.2,
        "recall": 4.2311207392614155e-06,
        "ap": 0.25,
        "ndcg": 0.1460683498427064
    },
    "10": {
        "precision": 0.2,
        "recall": 8.462241478522831e-06,
        "ap": 0.2361111111111111,
        "ndcg": 0.17269412313797305
    },
    "20": {
        "precision": 0.2,
        "recall": 1.6924482957045662e-05,
        "ap": 0.23886895268474215,
        "ndcg": 0.21277476306989918
    },
    "50": {
        "precision": 0.22,
        "recall": 4.654232813187557e-05,
        "ap": 0.24961662698150563,
        "ndcg": 0.2095688785577185
    },
    "100": {
        "precision": 0.23,
        "recall": 9.731577700301256e-05,
        "ap": 0.2371127646926506,
        "ndcg": 0.2206397238971203
    }
}