{
    "samples": 1168689,
    "AUC": 0.5224962400455265,
    "precision": 0.060014960584613614,
    "recall": 0.022117607142099795,
    "F1": 0.03232304450229329,
    "5": {
        "precision": 0.0,
        "recall": 0.0,
        "ap": 0.0,
        "ndcg": 0.09374999999999999
    },
    "10": {
        "precision": 0.1,
        "recall": 2.120575948427593e-05,
        "ap": 0.14285714285714285,
        "ndcg": 0.09375
    },
    "20": {
        "precision": 0.1,
        "recall": 4.241151896855186e-05,
        "ap": 0.15476190476190477,
        "ndcg": 0.09374999999999999
    },
    "50": {
        "precision": 0.16,
        "recall": 0.00016964607587420744,
        "ap": 0.14314046349269494,
        "ndcg": 0.14179934944581904
    },
    "100": {
        "precision": 0.14,
        "recall": 0.00029688063277986303,
        "ap": 0.13831850793483674,
        "ndcg": 0.13181176142232967
    }
}