{
    "samples": 5843444,
    "AUC": 0.5217290768010484,
    "precision": 0.06122003606583738,
    "recall": 0.022551873540263345,
    "F1": 0.03296156236568782,
    "5": {
        "precision": 0.2,
        "recall": 4.2311207392614155e-06,
        "ap": 0.5,
        "ndcg": 0.24030969138215866
    },
    "10": {
        "precision": 0.1,
        "recall": 4.2311207392614155e-06,
        "ap": 0.5,
        "ndcg": 0.18927382741906007
    },
    "20": {
        "precision": 0.1,
        "recall": 8.462241478522831e-06,
        "ap": 0.31666666666666665,
        "ndcg": 0.15581880492608113
    },
    "50": {
        "precision": 0.12,
        "recall": 2.5386724435568493e-05,
        "ap": 0.18511904761904763,
        "ndcg": 0.12816939447005682
    },
    "100": {
        "precision": 0.12,
        "recall": 5.0773448871136986e-05,
        "ap": 0.16567308168428316,
        "ndcg": 0.11540726778627365
    }
}